{
  "hash": "4ccb4d5f",
  "configHash": "0b6a8633",
  "lockfileHash": "2a00113e",
  "browserHash": "bb0e10ec",
  "optimized": {
    "@angular/core": {
      "src": "../../../../../node_modules/@angular/core/fesm2022/core.mjs",
      "file": "@angular_core.js",
      "fileHash": "cbe6d595",
      "needsInterop": false
    },
    "@angular/platform-browser": {
      "src": "../../../../../node_modules/@angular/platform-browser/fesm2022/platform-browser.mjs",
      "file": "@angular_platform-browser.js",
      "fileHash": "f262066c",
      "needsInterop": false
    },
    "@angular/router": {
      "src": "../../../../../node_modules/@angular/router/fesm2022/router.mjs",
      "file": "@angular_router.js",
      "fileHash": "d5856fc9",
      "needsInterop": false
    }
  },
  "chunks": {
    "chunk-DFEYT2BF": {
      "file": "chunk-DFEYT2BF.js"
    },
    "chunk-LF2LKXYJ": {
      "file": "chunk-LF2LKXYJ.js"
    }
  }
}